,GGTTTTGTCC,ACAAACAAAC,AACAAACAAA,CTGGTAATTT,TTTAGATTTT,CCTGGTAATT,GTTTTGTCCG,CLASS
0,0.5,0.0,0.0,0.0,0.0,0.0,0.5,Omicron
1,0.5,0.0,0.0,0.0,0.0,0.0,0.5,Omicron
2,0.5,0.0,0.0,0.0,0.0,0.0,0.5,Omicron
3,0.5,0.0,0.0,0.0,0.0,0.0,0.5,Omicron
4,0.5,0.0,0.0,0.0,0.0,0.0,0.5,Omicron
5,0.5,0.0,0.0,0.0,0.0,0.0,0.5,Omicron
6,0.5,0.0,0.0,0.0,0.0,0.0,0.5,Omicron
7,0.5,0.0,0.0,0.0,0.0,0.0,0.5,Omicron
8,0.5,0.0,0.0,0.0,0.0,0.0,0.5,Omicron
9,0.5,0.0,0.0,0.0,0.0,0.0,0.5,Omicron
10,0.5,0.0,0.0,0.0,0.0,0.0,0.5,Omicron
11,0.5,0.0,0.0,0.0,0.0,0.0,0.5,Omicron
12,0.5,0.0,0.0,0.0,0.0,0.0,0.5,Omicron
13,0.5,0.0,0.0,0.0,0.0,0.0,0.5,Omicron
14,0.5,0.0,0.0,0.0,0.0,0.0,0.5,Omicron
15,0.5,0.0,0.0,0.0,0.0,0.0,0.5,Omicron
16,0.5,0.0,0.0,0.0,0.0,0.0,0.5,Omicron
17,0.5,0.0,0.0,0.0,0.0,0.0,0.5,Omicron
18,0.5,0.0,0.0,0.0,0.0,0.0,0.5,Omicron
19,0.5,0.0,0.0,0.0,0.0,0.0,0.5,Omicron
20,0.5,0.0,0.0,0.0,0.0,0.0,0.5,Omicron
21,0.5,0.0,0.0,0.0,0.0,0.0,0.5,Omicron
22,0.5,0.0,0.0,0.0,0.0,0.0,0.5,Omicron
23,0.5,0.0,0.0,0.0,0.0,0.0,0.5,Omicron
24,0.5,0.0,0.0,0.0,0.0,0.0,0.5,Omicron
25,0.5,0.0,0.0,0.0,0.0,0.0,0.5,Omicron
26,0.5,0.0,0.0,0.0,0.0,0.0,0.5,Omicron
27,0.5,0.0,0.0,0.0,0.0,0.0,0.5,Omicron
28,0.5,0.0,0.0,0.0,0.0,0.0,0.5,Omicron
29,0.5,0.0,0.0,0.0,0.0,0.0,0.5,Omicron
30,0.5,0.0,0.0,0.0,0.0,0.0,0.5,Omicron
31,0.5,0.0,0.0,0.0,0.0,0.0,0.5,Omicron
32,0.5,0.0,0.0,0.0,0.0,0.0,0.5,Omicron
33,0.5,0.0,0.0,0.0,0.0,0.0,0.5,Omicron
34,0.5,0.0,0.0,0.0,0.0,0.0,0.5,Omicron
35,0.5,0.0,0.0,0.0,0.0,0.0,0.5,Omicron
36,0.5,0.0,0.0,0.0,0.0,0.0,0.5,Omicron
37,0.5,0.0,0.0,0.0,0.0,0.0,0.5,Omicron
38,0.5,0.0,0.0,0.0,0.0,0.0,0.5,Omicron
39,0.5,0.0,0.0,0.0,0.0,0.0,0.5,Omicron
40,0.5,0.0,0.0,0.0,0.0,0.0,0.5,Omicron
41,0.5,0.0,0.0,0.0,0.0,0.0,0.5,Omicron
42,0.5,0.0,0.0,0.0,0.0,0.0,0.5,Omicron
43,0.5,0.0,0.0,0.0,0.0,0.0,0.5,Omicron
44,0.5,0.0,0.0,0.0,0.0,0.0,0.5,Omicron
45,0.5,0.0,0.0,0.0,0.0,0.0,0.5,Omicron
46,0.5,0.0,0.0,0.0,0.0,0.0,0.5,Omicron
47,0.5,0.0,0.0,0.0,0.0,0.0,0.5,Omicron
48,0.5,0.0,0.0,0.0,0.0,0.0,0.5,Omicron
49,0.5,0.0,0.0,0.0,0.0,0.0,0.5,Omicron
50,0.5,0.0,0.0,0.5,0.0,0.5,0.5,Alpha
51,0.5,0.0,0.0,0.5,0.0,0.5,0.5,Alpha
52,0.5,0.0,0.0,0.5,0.0,0.5,0.5,Alpha
53,0.5,0.0,0.0,0.5,0.0,0.5,0.5,Alpha
54,0.5,0.0,0.0,0.5,0.0,0.5,0.5,Alpha
55,0.5,0.0,0.0,0.5,0.0,0.5,0.5,Alpha
56,0.5,0.0,0.0,0.5,0.0,0.5,0.5,Alpha
57,0.5,0.0,0.0,0.5,0.0,0.5,0.5,Alpha
58,0.5,0.0,0.0,0.5,0.0,0.5,0.5,Alpha
59,0.5,0.0,0.0,0.5,0.0,0.5,0.5,Alpha
60,0.5,0.0,0.0,0.5,0.0,0.5,0.5,Alpha
61,0.5,0.0,0.0,0.5,0.0,0.5,0.5,Alpha
62,0.5,0.0,0.0,0.5,0.0,0.5,0.5,Alpha
63,0.5,0.0,0.0,0.5,0.0,0.5,0.5,Alpha
64,0.5,0.0,0.0,0.5,0.0,0.5,0.5,Alpha
65,0.5,0.0,0.0,0.5,0.0,0.5,0.5,Alpha
66,0.5,0.0,0.0,0.5,0.0,0.5,0.5,Alpha
67,0.5,0.0,0.0,0.5,0.0,0.5,0.5,Alpha
68,0.5,0.0,0.0,0.5,0.0,0.5,0.5,Alpha
69,0.5,0.0,0.0,0.5,0.0,0.5,0.5,Alpha
70,0.5,0.0,0.0,0.5,0.0,0.5,0.5,Alpha
71,0.5,0.0,0.0,0.5,0.0,0.5,0.5,Alpha
72,0.5,0.0,0.0,0.5,0.0,0.5,0.5,Alpha
73,0.5,0.0,0.0,0.5,0.0,0.5,0.5,Alpha
74,0.5,0.0,0.0,0.5,0.0,0.5,0.5,Alpha
75,0.5,0.0,0.0,0.5,0.0,0.5,0.5,Alpha
76,0.5,0.0,0.0,0.5,0.0,0.5,0.5,Alpha
77,0.5,0.0,0.0,0.5,0.0,0.5,0.5,Alpha
78,1.0,0.0,0.0,0.5,0.0,0.5,1.0,Alpha
79,0.5,0.0,0.0,0.5,0.0,0.5,0.5,Alpha
80,0.5,0.0,0.0,0.5,0.5,1.0,0.5,Alpha
81,0.5,0.0,0.0,0.5,0.0,0.5,0.5,Alpha
82,0.5,0.0,0.0,0.5,0.0,0.5,0.5,Alpha
83,0.5,0.0,0.0,0.5,0.0,0.5,0.5,Alpha
84,0.5,0.0,0.0,0.5,0.0,0.5,0.5,Alpha
85,0.5,0.0,0.0,0.5,0.0,0.5,0.5,Alpha
86,0.5,0.0,0.0,0.5,0.0,0.5,0.5,Alpha
87,0.5,0.0,0.0,0.5,0.0,0.5,0.5,Alpha
88,0.5,0.0,0.0,0.5,0.0,0.5,0.5,Alpha
89,0.5,0.0,0.0,0.5,0.0,0.5,0.5,Alpha
90,0.5,0.0,0.0,0.5,0.0,0.5,0.5,Alpha
91,0.5,0.0,0.0,0.5,0.0,0.5,0.5,Alpha
92,0.5,0.0,0.0,0.5,0.0,0.5,0.5,Alpha
93,0.5,0.0,0.0,0.5,0.0,0.5,0.5,Alpha
94,0.5,0.0,0.0,0.5,0.0,0.5,0.5,Alpha
95,0.5,0.0,0.0,0.5,0.0,0.5,0.5,Alpha
96,0.5,0.0,0.0,0.5,0.0,0.5,0.5,Alpha
97,0.5,0.0,0.0,0.5,0.0,0.5,0.5,Alpha
98,0.5,0.0,0.0,1.0,0.0,0.5,0.5,Alpha
99,0.5,0.0,0.0,0.5,0.0,0.5,0.5,Alpha
100,0.5,0.0,0.0,0.5,0.0,0.5,0.5,Alpha
101,0.5,0.0,0.0,0.0,0.5,0.0,0.5,Beta
102,0.5,0.0,0.0,0.0,0.5,0.0,0.5,Beta
103,0.5,0.0,0.0,0.0,0.5,0.0,0.5,Beta
104,0.5,0.0,0.0,0.0,0.5,0.0,0.5,Beta
105,0.5,0.0,0.0,0.0,0.5,0.0,0.5,Beta
106,0.5,0.0,0.0,0.0,0.5,0.0,0.5,Beta
107,0.5,0.0,0.0,0.0,0.5,0.0,0.5,Beta
108,0.5,0.0,0.0,0.0,0.5,0.0,0.5,Beta
109,0.5,0.0,0.0,0.0,0.5,0.0,0.5,Beta
110,0.5,0.0,0.0,0.0,0.5,0.0,0.5,Beta
111,0.5,0.0,0.0,0.0,0.5,0.0,0.5,Beta
112,0.5,0.0,0.0,0.0,0.5,0.0,0.5,Beta
113,0.5,0.0,0.0,0.0,0.5,0.0,0.5,Beta
114,0.5,0.0,0.0,0.0,0.5,0.0,0.5,Beta
115,0.5,0.0,0.0,0.0,0.5,0.0,0.5,Beta
116,0.5,0.0,0.0,0.0,0.5,0.0,0.5,Beta
117,0.5,0.0,0.0,0.0,0.5,0.0,0.5,Beta
118,0.5,0.0,0.0,0.0,0.5,0.0,0.5,Beta
119,0.5,0.0,0.0,0.0,0.5,0.0,0.5,Beta
120,0.5,0.0,0.0,0.0,0.5,0.0,0.5,Beta
121,0.5,0.0,0.0,0.5,0.5,0.0,0.5,Beta
122,0.5,0.0,0.0,0.0,0.5,0.0,0.5,Beta
123,0.5,0.0,0.0,0.0,0.5,0.0,0.5,Beta
124,0.5,0.0,0.0,0.0,0.5,0.0,0.5,Beta
125,1.0,0.0,0.0,0.0,0.5,0.0,1.0,Beta
126,0.5,0.0,0.0,0.0,0.5,0.0,0.5,Beta
127,0.5,0.0,0.0,0.0,0.5,0.0,0.5,Beta
128,0.5,0.0,0.0,0.0,0.5,0.0,0.5,Beta
129,0.5,0.0,0.0,0.0,0.5,0.0,0.5,Beta
130,0.5,0.0,0.0,0.0,0.5,0.0,0.5,Beta
131,0.5,0.0,0.0,0.0,0.5,0.0,0.5,Beta
132,0.5,0.0,0.0,0.0,0.5,0.0,0.5,Beta
133,0.5,0.0,0.0,0.0,0.5,0.0,0.5,Beta
134,0.5,0.0,0.0,0.0,0.5,0.0,0.5,Beta
135,0.5,0.0,0.0,0.0,0.5,0.0,0.5,Beta
136,0.5,0.0,0.0,0.0,0.5,0.0,0.5,Beta
137,0.5,0.0,0.0,0.0,0.5,0.0,0.5,Beta
138,0.5,0.0,0.0,0.0,0.5,0.0,0.5,Beta
139,0.5,0.0,0.0,0.0,0.5,0.0,0.5,Beta
140,0.5,0.0,0.0,0.0,0.5,0.0,0.5,Beta
141,0.5,0.0,0.0,0.0,0.5,0.0,0.5,Beta
142,1.0,0.0,0.0,0.0,0.5,0.0,1.0,Beta
143,0.5,0.0,0.0,0.0,0.5,0.0,0.5,Beta
144,0.5,0.0,0.0,0.0,0.5,0.0,0.5,Beta
145,0.5,0.0,0.0,0.0,0.5,0.0,0.5,Beta
146,0.5,0.0,0.0,0.0,0.5,0.0,0.5,Beta
147,0.5,0.0,0.0,0.0,0.5,0.0,0.5,Beta
148,0.5,0.0,0.0,0.0,0.5,0.0,0.5,Beta
149,0.5,0.0,0.0,0.0,0.5,0.0,0.5,Beta
150,0.5,0.0,0.0,0.0,0.5,0.0,0.5,Beta
151,0.5,0.3333333333333333,0.3333333333333333,0.0,0.0,0.0,0.5,Gamma
152,0.5,0.3333333333333333,0.3333333333333333,0.0,0.0,0.0,0.5,Gamma
153,0.5,0.3333333333333333,0.3333333333333333,0.0,0.0,0.0,0.5,Gamma
154,0.5,0.3333333333333333,0.3333333333333333,0.0,0.0,0.0,0.5,Gamma
155,0.5,0.3333333333333333,0.3333333333333333,0.0,0.0,0.0,0.5,Gamma
156,0.5,0.3333333333333333,0.3333333333333333,0.0,0.0,0.0,0.5,Gamma
157,0.5,0.3333333333333333,0.3333333333333333,0.0,0.0,0.0,0.5,Gamma
158,0.5,0.3333333333333333,0.3333333333333333,0.0,0.0,0.0,0.5,Gamma
159,0.5,0.3333333333333333,0.3333333333333333,0.0,0.0,0.0,0.5,Gamma
160,0.5,0.3333333333333333,0.3333333333333333,0.0,0.0,0.0,0.5,Gamma
161,0.5,0.3333333333333333,0.3333333333333333,0.0,0.0,0.0,0.5,Gamma
162,0.5,0.3333333333333333,0.3333333333333333,0.0,0.0,0.0,0.5,Gamma
163,0.5,0.3333333333333333,0.3333333333333333,0.0,0.0,0.0,0.5,Gamma
164,0.5,0.3333333333333333,0.3333333333333333,0.0,0.0,0.0,0.5,Gamma
165,0.5,0.3333333333333333,0.3333333333333333,0.0,0.0,0.0,0.5,Gamma
166,0.5,0.3333333333333333,0.3333333333333333,0.0,0.0,0.0,0.5,Gamma
167,0.5,0.3333333333333333,0.3333333333333333,0.0,0.0,0.0,0.5,Gamma
168,0.5,0.3333333333333333,0.3333333333333333,0.0,0.0,0.0,0.5,Gamma
169,0.5,0.3333333333333333,0.3333333333333333,0.0,0.0,0.0,0.5,Gamma
170,0.5,0.3333333333333333,0.3333333333333333,0.0,0.0,0.0,0.5,Gamma
171,0.5,0.0,0.0,0.5,0.0,0.5,0.5,Gamma
172,0.5,0.3333333333333333,0.3333333333333333,0.0,0.0,0.0,0.5,Gamma
173,1.0,0.3333333333333333,0.3333333333333333,0.0,0.0,0.0,1.0,Gamma
174,0.5,0.3333333333333333,0.3333333333333333,0.0,0.0,0.0,0.5,Gamma
175,0.5,0.3333333333333333,0.3333333333333333,0.0,0.0,0.0,0.5,Gamma
176,0.5,0.3333333333333333,0.3333333333333333,0.0,0.0,0.0,0.5,Gamma
177,0.5,0.3333333333333333,0.3333333333333333,0.0,0.0,0.0,0.5,Gamma
178,0.5,0.3333333333333333,0.3333333333333333,0.0,0.0,0.0,0.5,Gamma
179,0.5,0.3333333333333333,0.3333333333333333,0.0,0.0,0.0,0.5,Gamma
180,0.5,0.3333333333333333,0.3333333333333333,0.0,0.0,0.0,0.5,Gamma
181,0.5,1.0,1.0,0.0,0.0,0.0,0.5,Gamma
182,0.5,0.3333333333333333,0.3333333333333333,0.0,0.0,0.0,0.5,Gamma
183,0.5,0.3333333333333333,0.3333333333333333,0.0,0.0,0.0,0.5,Gamma
184,0.0,0.3333333333333333,0.3333333333333333,0.0,0.0,0.0,0.0,Gamma
185,0.5,0.3333333333333333,0.3333333333333333,0.0,0.0,0.0,0.5,Gamma
186,0.5,0.3333333333333333,0.3333333333333333,0.0,0.0,0.0,0.5,Gamma
187,0.5,0.3333333333333333,0.3333333333333333,0.0,0.0,0.0,0.5,Gamma
188,0.5,0.3333333333333333,0.3333333333333333,0.0,0.0,0.0,0.5,Gamma
189,0.5,0.3333333333333333,0.3333333333333333,0.0,0.0,0.0,0.5,Gamma
190,0.5,0.3333333333333333,0.3333333333333333,0.0,0.0,0.0,0.5,Gamma
191,0.5,0.3333333333333333,0.3333333333333333,0.0,0.0,0.0,0.5,Gamma
192,0.5,0.3333333333333333,0.3333333333333333,0.0,0.0,0.0,0.5,Gamma
193,0.5,0.3333333333333333,0.3333333333333333,0.0,0.0,0.0,0.5,Gamma
194,0.5,0.3333333333333333,0.3333333333333333,0.0,0.0,0.0,0.5,Gamma
195,0.5,0.3333333333333333,0.3333333333333333,0.0,0.0,0.0,0.5,Gamma
196,0.5,0.3333333333333333,0.3333333333333333,0.0,0.0,0.0,0.5,Gamma
197,0.5,0.3333333333333333,0.3333333333333333,0.0,0.0,0.0,0.5,Gamma
198,0.5,0.6666666666666666,0.6666666666666666,0.0,0.0,0.0,0.5,Gamma
199,0.5,0.3333333333333333,0.3333333333333333,0.0,0.0,0.0,0.5,Gamma
200,0.5,0.3333333333333333,0.3333333333333333,0.0,0.0,0.0,0.5,Gamma
201,0.5,0.0,0.0,0.0,0.5,0.0,0.5,Delta
202,0.5,0.0,0.0,0.0,1.0,0.0,0.5,Delta
203,0.5,0.0,0.0,0.0,0.5,0.0,0.5,Delta
204,0.5,0.0,0.0,0.0,1.0,0.0,0.5,Delta
205,0.5,0.0,0.0,0.0,1.0,0.0,0.5,Delta
206,0.5,0.0,0.0,0.0,1.0,0.0,0.5,Delta
207,0.5,0.0,0.0,0.0,0.5,0.0,0.5,Delta
208,0.5,0.0,0.0,0.0,1.0,0.0,0.5,Delta
209,0.5,0.0,0.0,0.0,1.0,0.0,0.5,Delta
210,0.5,0.0,0.0,0.0,0.5,0.0,0.5,Delta
211,1.0,0.0,0.0,0.0,1.0,0.0,1.0,Delta
212,0.5,0.0,0.0,0.0,0.5,0.0,0.5,Delta
213,0.5,0.0,0.0,0.0,1.0,0.0,0.5,Delta
214,0.5,0.0,0.0,0.0,1.0,0.0,0.5,Delta
215,0.5,0.0,0.0,0.0,1.0,0.0,0.5,Delta
216,0.5,0.0,0.0,0.0,1.0,0.0,0.5,Delta
217,0.5,0.0,0.0,0.0,0.5,0.0,0.5,Delta
218,0.5,0.0,0.0,0.0,1.0,0.0,0.5,Delta
219,0.5,0.0,0.0,0.0,1.0,0.0,0.5,Delta
220,0.5,0.0,0.0,0.0,1.0,0.0,0.5,Delta
221,0.5,0.0,0.0,0.0,0.5,0.0,0.5,Delta
222,0.5,0.0,0.0,0.0,0.5,0.0,0.5,Delta
223,0.5,0.0,0.0,0.0,1.0,0.0,0.5,Delta
224,0.5,0.0,0.0,0.0,0.5,0.0,0.5,Delta
225,0.5,0.0,0.0,0.0,1.0,0.0,0.5,Delta
226,0.5,0.0,0.0,0.0,0.5,0.0,0.5,Delta
227,0.5,0.0,0.0,0.0,1.0,0.0,0.5,Delta
228,0.5,0.0,0.0,0.0,0.5,0.0,0.5,Delta
229,0.5,0.0,0.0,0.0,0.5,0.0,0.5,Delta
230,0.5,0.0,0.0,0.0,1.0,0.0,0.5,Delta
231,0.5,0.0,0.0,0.0,0.5,0.0,0.5,Delta
232,0.5,0.0,0.0,0.0,1.0,0.0,0.5,Delta
233,0.5,0.0,0.0,0.0,0.5,0.0,0.5,Delta
234,0.5,0.0,0.0,0.0,1.0,0.0,0.5,Delta
235,0.5,0.0,0.0,0.0,0.5,0.0,0.5,Delta
236,0.5,0.0,0.0,0.0,0.5,0.0,0.5,Delta
237,0.5,0.0,0.0,0.0,0.5,0.0,0.5,Delta
238,0.5,0.0,0.0,0.0,1.0,0.0,0.5,Delta
239,0.5,0.0,0.0,0.5,1.0,0.5,0.5,Delta
240,0.5,0.0,0.0,0.0,0.5,0.0,0.5,Delta
241,0.5,0.0,0.0,0.0,0.5,0.0,0.5,Delta
242,0.5,0.0,0.0,0.0,0.5,0.0,0.5,Delta
243,0.5,0.0,0.0,0.0,0.5,0.0,0.5,Delta
244,0.5,0.0,0.0,0.0,1.0,0.0,0.5,Delta
245,0.5,0.0,0.0,0.0,1.0,0.0,0.5,Delta
246,0.5,0.0,0.0,0.0,0.5,0.0,0.5,Delta
247,0.5,0.0,0.0,0.0,1.0,0.0,0.5,Delta
248,0.5,0.0,0.0,0.0,0.5,0.0,0.5,Delta
249,0.5,0.0,0.0,0.0,1.0,0.0,0.5,Delta
250,0.5,0.0,0.0,0.0,0.5,0.0,0.5,Delta
